Network,TENCODED_Network
Google Search,0.17054185172668812
Search Partners,0.23058799705668606
