Match_type,TENCODED_Match_type
A,0.21167650153030304
E,0.2955939871428571
F,0.0270817185
