Country,TENCODED_Country
GBR,0.18536857725142855
GER,0.21439065741333335
USA,0.2324673535518868
