Language,TENCODED_Language
DE,0.21439065741333335
EN,0.2111694572919897
